{
    "lighting": "none",
    "matrix": {
        "rows": 12,
        "cols": 6
    },
    "features": {
        "encoder": true
    },
    "vial": {
        "midi": "advanced"
    },
    "layouts": {
        "keymap": [
            [
                {
                    "x": 3.5,
                    "sm": "cherry",
                    "sb": "gateron"
                },
                "0,3",
                {
                    "x": 9.5
                },
                "6,3"
            ],
            [
                {
                    "y": -0.875,
                    "x": 2.5
                },
                "0,2",
                {
                    "x": 1
                },
                "0,4"
            ],
            [
                {
                    "y": -0.995,
                    "x": 13
                },
                "6,4",
                {
                    "x": 1
                },
                "6,2"
            ],
            [
                {
                    "y": -0.8799999999999999,
                    "x": 5.5
                },
                "0,5",
                {
                    "x": 5.5
                },
                "6,5"
            ],
            [
                {
                    "y": -0.875,
                    "x": 0.5
                },
                "0,0",
                "0,1"
            ],
            [
                {
                    "y": -0.995,
                    "x": 16
                },
                "6,1",
                "6,0"
            ],
            [
                {
                    "y": -0.3799999999999999,
                    "x": 3.5
                },
                "1,3",
                {
                    "x": 9.5
                },
                "7,3"
            ],
            [
                {
                    "y": -0.875,
                    "x": 2.5
                },
                "1,2",
                {
                    "x": 1
                },
                "1,4"
            ],
            [
                {
                    "y": -0.9950000000000001,
                    "x": 13
                },
                "7,4",
                {
                    "x": 1
                },
                "7,2"
            ],
            [
                {
                    "y": -0.8799999999999999,
                    "x": 5.5
                },
                "1,5",
                {
                    "x": 0.25
                },
                "0,0\n\n\n\n\n\n\n\n\ne",
                "0,1\n\n\n\n\n\n\n\n\ne",
                {
                    "x": 0.75
                },
                "1,0\n\n\n\n\n\n\n\n\ne",
                "1,1\n\n\n\n\n\n\n\n\ne",
                {
                    "x": 0.5
                },
                "7,5"
            ],
            [
                {
                    "y": -0.875,
                    "x": 0.5
                },
                "1,0",
                "1,1"
            ],
            [
                {
                    "y": -0.9950000000000001,
                    "x": 16
                },
                "7,1",
                "7,0"
            ],
            [
                {
                    "y": -0.3799999999999999,
                    "x": 3.5
                },
                "2,3",
                {
                    "x": 9.5
                },
                "8,3"
            ],
            [
                {
                    "y": -0.875,
                    "x": 2.5
                },
                "2,2",
                {
                    "x": 1
                },
                "2,4"
            ],
            [
                {
                    "y": -0.9950000000000001,
                    "x": 13
                },
                "8,4",
                {
                    "x": 1
                },
                "8,2"
            ],
            [
                {
                    "y": -0.8799999999999999,
                    "x": 5.5
                },
                "2,5",
                {
                    "x": 0.75
                },
                "5,0",
                {
                    "x": 1.75
                },
                "11,0",
                {
                    "x": 1
                },
                "8,5"
            ],
            [
                {
                    "y": -0.875,
                    "x": 0.5
                },
                "2,0",
                "2,1"
            ],
            [
                {
                    "y": -0.9950000000000001,
                    "x": 16
                },
                "8,1",
                "8,0"
            ],
            [
                {
                    "y": -0.3799999999999999,
                    "x": 3.5
                },
                "3,3",
                {
                    "x": 9.5
                },
                "9,3"
            ],
            [
                {
                    "y": -0.875,
                    "x": 2.5
                },
                "3,2",
                {
                    "x": 1
                },
                "3,4"
            ],
            [
                {
                    "y": -0.9950000000000001,
                    "x": 13
                },
                "9,4",
                {
                    "x": 1
                },
                "9,2"
            ],
            [
                {
                    "y": -0.8799999999999999,
                    "x": 5.5
                },
                "3,5",
                {
                    "x": 5.5
                },
                "9,5"
            ],
            [
                {
                    "y": -0.875,
                    "x": 0.5
                },
                "3,0",
                "3,1"
            ],
            [
                {
                    "y": -0.9950000000000001,
                    "x": 16
                },
                "9,1",
                "9,0"
            ],
            [
                {
                    "y": -0.3799999999999999,
                    "x": 3.5
                },
                "4,1",
                {
                    "x": 9.5
                },
                "10,1"
            ],
            [
                {
                    "y": -0.875,
                    "x": 2.5
                },
                "4,0"
            ],
            [
                {
                    "y": -0.9950000000000001,
                    "x": 15
                },
                "10,0"
            ],
            [
                {
                    "r": 30,
                    "rx": 6.5,
                    "ry": 4.25,
                    "y": -1
                },
                "4,4"
            ],
            [
                {
                    "r": 45,
                    "y": -1.25,
                    "x": 1
                },
                "4,5"
            ],
            [
                {
                    "x": 1
                },
                "4,2"
            ],
            [
                {
                    "r": 60,
                    "y": -2,
                    "x": 2
                },
                "4,3"
            ],
            [
                {
                    "r": -60,
                    "rx": 12.25,
                    "y": -1.5,
                    "x": -3.25
                },
                "10,3"
            ],
            [
                {
                    "r": -45,
                    "y": -1,
                    "x": -2.25
                },
                "10,5"
            ],
            [
                {
                    "x": -2.25
                },
                "10,2"
            ],
            [
                {
                    "r": -30,
                    "y": -1.75,
                    "x": -1.25
                },